{"cameraMode":{"drawMode":0,"name":"Shaded","section":"Shading Mode"},"sceneLighting":false,"audioPlay":false,"sceneViewState":{"showFog":true,"showMaterialUpdate":false,"showSkybox":false,"showFlares":true,"showImageEffects":true,"showParticleSystems":true,"showVisualEffectGraphs":true,"m_FxEnabled":true},"in2DMode":false,"pivot":{"x":69.26233673095703,"y":6.508531093597412,"z":23.172401428222658},"rotation":{"x":-0.055470313876867297,"y":-0.009309718385338784,"z":-0.0005773273878730834,"w":0.998449444770813},"size":13.118587493896485,"orthographic":false}