{"cameraMode":{"drawMode":0,"name":"Shaded","section":"Shading Mode"},"sceneLighting":false,"audioPlay":false,"sceneViewState":{"showFog":true,"showMaterialUpdate":false,"showSkybox":false,"showFlares":true,"showImageEffects":true,"showParticleSystems":true,"showVisualEffectGraphs":true,"m_FxEnabled":true},"in2DMode":false,"pivot":{"x":85.06073760986328,"y":8.441036224365235,"z":15.373408317565918},"rotation":{"x":0.10721839219331742,"y":-0.19293759763240815,"z":0.021151332184672357,"w":0.9751383066177368},"size":12.108372688293457,"orthographic":false}