{"cameraMode":{"drawMode":0,"name":"Shaded","section":"Shading Mode"},"sceneLighting":false,"audioPlay":false,"sceneViewState":{"showFog":true,"showMaterialUpdate":false,"showSkybox":false,"showFlares":true,"showImageEffects":true,"showParticleSystems":true,"showVisualEffectGraphs":true,"m_FxEnabled":true},"in2DMode":false,"pivot":{"x":91.79435729980469,"y":6.700718879699707,"z":6.845108985900879},"rotation":{"x":0.06442361325025559,"y":-0.03325672075152397,"z":0.0020862689707428219,"w":0.9973980188369751},"size":10.553269386291504,"orthographic":false}