{"cameraMode":{"drawMode":0,"name":"Shaded","section":"Shading Mode"},"sceneLighting":false,"audioPlay":false,"sceneViewState":{"showFog":true,"showMaterialUpdate":false,"showSkybox":false,"showFlares":true,"showImageEffects":true,"showParticleSystems":true,"showVisualEffectGraphs":true,"m_FxEnabled":true},"in2DMode":false,"pivot":{"x":86.73783111572266,"y":1.0659505128860474,"z":31.843551635742189},"rotation":{"x":-0.014994584955275059,"y":0.031166257336735727,"z":0.00040481763426214457,"w":0.9994329214096069},"size":11.326692581176758,"orthographic":false}