{"cameraMode":{"drawMode":0,"name":"Shaded","section":"Shading Mode"},"sceneLighting":false,"audioPlay":false,"sceneViewState":{"showFog":true,"showMaterialUpdate":false,"showSkybox":false,"showFlares":true,"showImageEffects":true,"showParticleSystems":true,"showVisualEffectGraphs":true,"m_FxEnabled":true},"in2DMode":false,"pivot":{"x":7.893576622009277,"y":-0.45805084705352785,"z":-1.0677045583724976},"rotation":{"x":0.2709633708000183,"y":-0.027761613950133325,"z":0.007753715850412846,"w":0.9621908068656921},"size":3.7301266193389894,"orthographic":false}