{"cameraMode":{"drawMode":0,"name":"Shaded","section":"Shading Mode"},"sceneLighting":false,"audioPlay":false,"sceneViewState":{"showFog":true,"showMaterialUpdate":false,"showSkybox":false,"showFlares":true,"showImageEffects":true,"showParticleSystems":true,"showVisualEffectGraphs":true,"m_FxEnabled":true},"in2DMode":false,"pivot":{"x":-0.48821574449539187,"y":0.7858909964561462,"z":0.1325078010559082},"rotation":{"x":0.10721839219331742,"y":-0.19293759763240815,"z":0.021151332184672357,"w":0.9751383066177368},"size":4.29615592956543,"orthographic":false}