{"cameraMode":{"drawMode":0,"name":"Shaded","section":"Shading Mode"},"sceneLighting":false,"audioPlay":false,"sceneViewState":{"showFog":true,"showMaterialUpdate":false,"showSkybox":false,"showFlares":true,"showImageEffects":true,"showParticleSystems":true,"showVisualEffectGraphs":true,"m_FxEnabled":true},"in2DMode":false,"pivot":{"x":73.49974060058594,"y":8.965678215026856,"z":16.100194931030275},"rotation":{"x":0.05995368957519531,"y":0.019134029746055604,"z":-0.001212444854900241,"w":0.9980486631393433},"size":13.35552978515625,"orthographic":false}