{"cameraMode":{"drawMode":0,"name":"Shaded","section":"Shading Mode"},"sceneLighting":false,"audioPlay":false,"sceneViewState":{"showFog":true,"showMaterialUpdate":false,"showSkybox":false,"showFlares":true,"showImageEffects":true,"showParticleSystems":true,"showVisualEffectGraphs":true,"m_FxEnabled":true},"in2DMode":false,"pivot":{"x":0.20508021116256715,"y":2.3196370601654054,"z":-0.8804500699043274},"rotation":{"x":0.10721839219331742,"y":-0.19293759763240815,"z":0.021151332184672357,"w":0.9751383066177368},"size":16.403459548950197,"orthographic":false}