{"cameraMode":{"drawMode":0,"name":"Shaded","section":"Shading Mode"},"sceneLighting":false,"audioPlay":false,"sceneViewState":{"showFog":true,"showMaterialUpdate":false,"showSkybox":false,"showFlares":true,"showImageEffects":true,"showParticleSystems":true},"in2DMode":false,"pivot":{"x":82.7780990600586,"y":2.1119728088378908,"z":32.83877182006836},"rotation":{"x":-0.07773945480585098,"y":-0.06813110411167145,"z":0.005333710927516222,"w":-0.994648814201355},"size":24.804534912109376,"orthographic":false}