{"cameraMode":{"drawMode":0,"name":"Shaded","section":"Shading Mode"},"sceneLighting":false,"audioPlay":false,"sceneViewState":{"showFog":true,"showMaterialUpdate":false,"showSkybox":false,"showFlares":true,"showImageEffects":true,"showParticleSystems":true},"in2DMode":false,"pivot":{"x":5.903768062591553,"y":-0.26139724254608157,"z":2.176755428314209},"rotation":{"x":-0.25023603439331057,"y":-0.06470116972923279,"z":0.016791721805930139,"w":-0.9658985733985901},"size":11.31389331817627,"orthographic":false}