{"cameraMode":{"drawMode":0,"name":"Shaded","section":"Shading Mode"},"sceneLighting":false,"audioPlay":false,"sceneViewState":{"showFog":true,"showMaterialUpdate":false,"showSkybox":false,"showFlares":true,"showImageEffects":true,"showParticleSystems":true},"in2DMode":false,"pivot":{"x":86.2715835571289,"y":9.378118515014649,"z":22.958425521850587},"rotation":{"x":-0.09432139992713928,"y":0.028978383168578149,"z":-0.0027426285669207575,"w":-0.9951344132423401},"size":15.65815258026123,"orthographic":false}