{"cameraMode":{"drawMode":0,"name":"Shaded","section":"Shading Mode"},"sceneLighting":false,"audioPlay":false,"sceneViewState":{"showFog":true,"showMaterialUpdate":false,"showSkybox":false,"showFlares":true,"showImageEffects":true,"showParticleSystems":true},"in2DMode":false,"pivot":{"x":88.60405731201172,"y":1.8561691045761109,"z":33.5550537109375},"rotation":{"x":0.002999792341142893,"y":-0.01801828294992447,"z":0.000025555900720064528,"w":0.9998552799224854},"size":12.937522888183594,"orthographic":false}