{"cameraMode":{"drawMode":0,"name":"Shaded","section":"Shading Mode"},"sceneLighting":true,"audioPlay":false,"sceneViewState":{"showFog":true,"showMaterialUpdate":false,"showSkybox":false,"showFlares":true,"showImageEffects":true,"showParticleSystems":true},"in2DMode":false,"pivot":{"x":-97.64604187011719,"y":8.799062728881836,"z":-2.556450605392456},"rotation":{"x":-0.0778617188334465,"y":0.6994722485542297,"z":-0.0771196037530899,"w":-0.7062203288078308},"size":34.16532897949219,"orthographic":false}