{"cameraMode":{"drawMode":0,"name":"Shaded","section":"Shading Mode"},"sceneLighting":false,"audioPlay":false,"sceneViewState":{"showFog":true,"showMaterialUpdate":false,"showSkybox":false,"showFlares":true,"showImageEffects":true,"showParticleSystems":true},"in2DMode":false,"pivot":{"x":0.7224023342132568,"y":3.3767762184143068,"z":9.78279972076416},"rotation":{"x":-0.09281515330076218,"y":0.0334615558385849,"z":-0.0031242407858371736,"w":-0.9951319098472595},"size":17.49553680419922,"orthographic":false}