{"cameraMode":{"drawMode":0,"name":"Shaded","section":"Shading Mode"},"sceneLighting":false,"audioPlay":false,"sceneViewState":{"showFog":true,"showMaterialUpdate":false,"showSkybox":false,"showFlares":true,"showImageEffects":true,"showParticleSystems":true,"showVisualEffectGraphs":true,"m_FxEnabled":true},"in2DMode":false,"pivot":{"x":61.06544876098633,"y":5.8885087966918949,"z":19.10329246520996},"rotation":{"x":0.10721839219331742,"y":-0.19293759763240815,"z":0.021151332184672357,"w":0.9751383066177368},"size":15.524259567260743,"orthographic":false}